ID,談話関係,Arg1（1つ目の文）,Arg2（2つ目の文）
w201106-0000070695,原因・理由(順方向),ちょっとした手間で本格的な物になりますよ。,材料は、冷蔵庫の残り物で十分。
w201106-0000070695,原因・理由(順方向),ちょっとした手間で本格的な物になりますよ。,あるものを使っちゃいましょう。
w201106-0000467346,原因・理由(順方向),こちらのお店は豆腐かつ煮が名物で、,お昼時には大変な行列ができるのだとか。
w201106-0001202383,原因・理由(逆方向)  その他根拠(順方向):少数意見,米大統領選の民主党候補指名を争うクリントン上院議員に対してオバマ上院議員が怒った。,オバマ氏の失言を執拗に追及するクリントン氏の戦術が腹に据えかねたよう。
w201106-0002800098,原因・理由(順方向),なかなか傑作ポチ写真が出ない当ブログですので,今後も頑張っていきたいと思います！
w201106-0001620886,逆接・譲歩(順方向),七尾線の徳田駅はごく普通のローカル駅ではあるものの、,駅の一角がギャラリーになっています。
w201106-0001620886,逆接・譲歩(順方向),七尾線の徳田駅はごく普通のローカル駅ではあるものの、,駅の外観自体もかなり特徴的なものになっています。
w201106-0001620886,談話関係なし  逆接・譲歩(逆方向):少数意見,駅の一角がギャラリーになっています。,特別なものではないですが、
w201106-0001620886,逆接・譲歩(順方向),特別なものではないですが、,落ち着いた雰囲気になっています。
w201106-0001781836,談話関係なし  対比(方向なし):少数意見,クラス・サークル・ゼミ・職場・バイト先など、出会いの場は組織内であることって多いですよね。,個人と個人が出会う運命的な状況ってなかなかありません。
w201106-0001781836,原因・理由(順方向),クラス・サークル・ゼミ・職場・バイト先など、出会いの場は組織内であることって多いですよね。,そんな訳で今回は、組織内での恋愛を成功させる方法です。
w201106-0001781836,原因・理由(順方向),個人と個人が出会う運命的な状況ってなかなかありません。,そんな訳で今回は、組織内での恋愛を成功させる方法です。
w201106-0001002865,条件(順方向),当社と新たにお取引を始めてみませんか。,ご希望の方は下記メールアドレスからご連絡をお願い致します。
w201106-0001002865,原因・理由(順方向)  原因・理由(逆方向):少数意見,当社では、新たな発想で商品提案をして頂けるお取引先様を募集しています。,ご希望の方は下記メールアドレスからご連絡をお願い致します。
w201106-0002900063,原因・理由(順方向),カジュアルながら上品なトップスに、ボトムスはやはりラルフローレンのラインだけあって,タイトに着こなすのがお洒落です。
w201106-0000092302,逆接・譲歩(順方向),紹介予定派遣に限り派遣先との事前面接や履歴書の送付が認められている。,一般労働者派遣では、派遣先が派遣スタッフ個人を特定することは法律で禁じられている。
w201106-0000092302,原因・理由(順方向),紹介予定派遣に限り派遣先との事前面接や履歴書の送付が認められている。,そのため派遣スタッフに面接や履歴書の提出を求めることはできない。
w201106-0000092302,原因・理由(順方向),一般労働者派遣では、派遣先が派遣スタッフ個人を特定することは法律で禁じられている。,そのため派遣スタッフに面接や履歴書の提出を求めることはできない。
w201106-0001102679,原因・理由(順方向),平日は、夜８時まで営業してますので、,会社帰りにお寄りいただけます。
w201106-0002700274,原因・理由(順方向),アルファベットの元になったフェニキア文字もこの地で生まれた。,このことからアルファベット発祥の地と言われることもある。
w201106-0001368236,原因・理由(順方向),人は表現する方法をいろいろ持っている。,自分が表現しやすい方法で伝えたいことを表現すればいい。
w201106-0001153200,談話関係なし  原因・理由(順方向):少数意見,平成２２年４月１日より新会社として、営業を開始いたします。,これまで以上に地域に根ざした営業活動の徹底とサービスの提供を図ってまいります。
w201106-0001153200,談話関係なし  原因・理由(順方向):少数意見,平成２２年４月１日より新会社として、営業を開始いたします。,その業務を通して、お客様の暮らしかえの夢を実現するお手伝いができればと思っております。
w201106-0001153200,談話関係なし  原因・理由(順方向):少数意見,これまで以上に地域に根ざした営業活動の徹底とサービスの提供を図ってまいります。,その業務を通して、お客様の暮らしかえの夢を実現するお手伝いができればと思っております。
w201106-0000607737,談話関係なし  原因・理由(順方向):少数意見,たくさんの「むすび」を大切に、百姓暮らしをしています。,みなさまにお会いできるのを楽しみにしています。
w201106-0000478633,原因・理由(順方向),本日、自由奔放な我ら夫婦の生活は５年目の節目を迎えました。,妻には薔薇を贈ります。
w201106-0000947182,その他根拠(順方向),朝と夕方、イワツバメが上空を賑やかに飛び回っています。,現在、巣材集めの真っ最中のようです。
w201106-0000947182,その他根拠(順方向)  条件(順方向):少数意見,センター近くにある玄倉大橋に、ずら〜っと巣を作るのですが、,現在、巣材集めの真っ最中のようです。
w201106-0000947182,目的(順方向),センター近くにある玄倉大橋に、ずら〜っと巣を作るのですが、,泥や枯れ草をくちばしにくわえて飛び立っていきます。
w201106-0000947182,その他根拠(逆方向),現在、巣材集めの真っ最中のようです。,泥や枯れ草をくちばしにくわえて飛び立っていきます。
w201106-0000947182,目的(逆方向),湿った地面に降り立っては、,泥や枯れ草をくちばしにくわえて飛び立っていきます。
w201106-0000184070,条件(順方向),妊娠の診断を受けたら、,子ども育成課に届け出てください。
w201106-0000184070,条件(順方向),子ども育成課に届け出てください。,出生届や健診などで今後の母子の健康管理で必要な「母子健康手帳」などをお渡しします。
w201106-0002100283,原因・理由(順方向),高温の油で揚げるオイルローストに比べ、ドライロースト法は時間も掛かり、,生産性も劣ってしまいます。
w201106-0002100283,原因・理由(順方向),温度によりロースト時間も左右されます。,よって熟練の職人技が要求されるうえ、
w201106-0002100283,原因・理由(順方向),温度によりロースト時間も左右されます。,生産性も劣ってしまいます。
w201106-0002100283,談話関係なし  原因・理由(順方向):少数意見,よって熟練の職人技が要求されるうえ、,生産性も劣ってしまいます。
w201106-0000518081,その他根拠(順方向),兵庫県内のいろいろな所に行くので、,あなたともきっと会えますよね。
w201106-0000518081,条件(順方向),兵庫県内のいろいろな所に行くので、,その時は、応援してね。
w201106-0000518081,条件(順方向),あなたともきっと会えますよね。,その時は、応援してね。
w201106-0001352284,条件(順方向),乗車する日時・区間を指定して、,市電を借り切ることができます。
w201106-0001930919,原因・理由(順方向),古くからの温泉なので、,随所に歴史の面影があります。
w201106-0002100358,逆接・譲歩(順方向),あまりつぶやきません。,たまにつぶやきます。
w201106-0001894130,原因・理由(逆方向)  談話関係なし:少数意見,上半期を振り返りつつ,２０１０年の上半期の映画興行成績がまとまった。
w201106-0001593020,原因・理由(順方向),以下の公益信託の奨学金・研究助成金等の募集要項および申請書をダウンロードしていただくことができます。,募集期間については、各募集要項にてご確認ください。
w201106-0001593020,原因・理由(順方向),募集期間を終了している基金についても次年度応募のご参考に掲載していますので、,ご覧ください。
w201106-0001854108,逆接・譲歩(順方向),出雲湯村温泉は「出雲風土記」にも登場するという歴史のある温泉です。,とはいえ、歓楽的な要素はなくひっそりとした温泉地です。
w201106-0001854108,逆接・譲歩(順方向),出雲湯村温泉は「出雲風土記」にも登場するという歴史のある温泉です。,温泉街自体もそれほど大きな物ではなく、
w201106-0001854108,逆接・譲歩(順方向),出雲湯村温泉は「出雲風土記」にも登場するという歴史のある温泉です。,川沿いに集落があるだけという雰囲気です。
w201106-0001854108,条件(順方向),知らなければ,川沿いに集落があるだけという雰囲気です。
w201106-0002200323,逆接・譲歩(順方向),いま福岡で台湾シネマコレクションやってるんですが、,日程的に『シルク』くらいしか観られそうにないです。
w201106-0002200323,談話関係なし  逆接・譲歩(逆方向):少数意見,日程的に『シルク』くらいしか観られそうにないです。,観ないかもしれませんが。
w201106-0002200323,原因・理由(順方向),平日レイトなので,観ないかもしれませんが。
w201106-0000548462,逆接・譲歩(順方向),しかし、当然それを快く思わない人がいても,不思議ではありません。
w201106-0001729651,逆接・譲歩(順方向),１４６８年にはヨーク派に捕らえられるが、,ヘンリー６世復位の１４７０年に釈放された。
w201106-0000112018,原因・理由(順方向),昼くらいに大阪に着くので,夕方まで時間をつぶす予定です。
w201106-0000112018,原因・理由(順方向),昼くらいに大阪に着くので,難波パークスに行こうと思っています。
w201106-0000112018,談話関係なし  目的(順方向):少数意見,夕方まで時間をつぶす予定です。,難波パークスに行こうと思っています。
w201106-0000596408,原因・理由(順方向),医療脱脂綿に精製水と殺菌成分を含ませた清浄綿です。,皮膚の清浄、素肌の清潔に。
w201106-0000596408,原因・理由(順方向),蒸気滅菌された完全密閉の小包装なので、,いつでも衛生的に使えます。
w201106-0002200256,逆接・譲歩(順方向),不良がいないという高校に入学したアイコとミホ。,だが、その学校では郡司という教師による厳しい身体検査と体罰が行われていた。
w201106-0002200256,原因・理由(順方向),ある日、ミホは郡司から体罰を受けたのを苦にして,アイコの目の前で自殺してしまう。
w201106-0002500094,逆接・譲歩(順方向),チーズはおおよそは好き。,ただ、匂いのきついのがちょっとって感じですね。
w201106-0001091054,談話関係なし  原因・理由(順方向):少数意見,首都圏から３時間、豊かな自然に囲まれた箱庭には数多くの本物が隠れています。,ゆったりとした時間と空間の中でじっくりと自分回帰しましょう。
w201106-0001091054,目的(逆方向)  談話関係なし:少数意見,日頃の喧騒を離れ、,ゆったりとした時間と空間の中でじっくりと自分回帰しましょう。
w201106-0001091054,原因・理由(逆方向),ゆったりとした時間と空間の中でじっくりと自分回帰しましょう。,下田は、あなたの元気や健康の回復を目指す「タウン・セラピー」を提供します。
w201106-0001799726,原因・理由(順方向),ラッパーにのみ穴が開けば良いので、,あまり深く押し込む必要はありません。
w201106-0001811123,原因・理由(順方向),絵を描くのは苦手なので,またしても古いカラオケ仕様です。
w201106-0001811123,原因・理由(順方向),この曲は音域が非常に広いため、,難易度が高い曲です。
w201106-0002600095,原因・理由(順方向)  談話関係なし:少数意見,厚労省によると、日本では患者数６人と公表している（２００８年）。,販売によって利益水準に達することはない。
w201106-0002600095,逆接・譲歩(順方向),患者を多く見積もっても,販売によって利益水準に達することはない。
w201106-0002600095,談話関係なし  原因・理由(逆方向):少数意見,販売によって利益水準に達することはない。,慈善事業、宣伝広告を狙ったもの。
w201106-0001634602,条件(順方向),下のリストから、ご希望のミニマル種をクリックして,登録ができます。
w201106-0001634602,原因・理由(順方向)  談話関係なし:少数意見,登録ができます。,あなたのメモリアルデーを可愛いミニマルちゃんで飾ってください。
w201106-0002400037,逆接・譲歩(順方向),小沢氏はたぶん、そうした資金を受領していたのでしょう。,私がここで指摘したいのは「それがどうしました？」ということです。
w201106-0002400037,逆接・譲歩(順方向),小沢氏はたぶん、そうした資金を受領していたのでしょう。,真の問題点は小沢氏や秘書が金を受領していたかどうかではないのです。
w201106-0001041664,談話関係なし  逆接・譲歩(順方向):少数意見,園児計３２人、職員計３人が下痢や嘔吐などの症状を訴えた。,両施設の発症者はいずれも軽症で、
w201106-0001041664,逆接・譲歩(順方向),園児計３２人、職員計３人が下痢や嘔吐などの症状を訴えた。,快方に向かっているという。
w201106-0001041664,談話関係なし  原因・理由(順方向):少数意見,両施設の発症者はいずれも軽症で、,快方に向かっているという。
w201106-0000062632,目的(順方向)  条件(順方向):少数意見,お気に入り機能をご利用頂くためには、,ブラウザのクッキー機能を有効にする必要があります。
w201106-0002200175,原因・理由(順方向)  条件(順方向):少数意見,ネットを使える人は、オンラインでも修理申し込みをできる。,この場合、どこが悪いのかなどの連絡や修理代金の見積もりなどをメールでやり取りできる。
w201106-0002200175,その他根拠(順方向),ネットを使える人は、オンラインでも修理申し込みをできる。,人によってはこのほうがいいかも。
w201106-0002200175,その他根拠(順方向),この場合、どこが悪いのかなどの連絡や修理代金の見積もりなどをメールでやり取りできる。,人によってはこのほうがいいかも。
w201106-0000338131,逆接・譲歩(順方向)  原因・理由(順方向):少数意見,月の満ち欠けとともに営んでいた生活が改暦によって、太陽の巡りとともに生きていくこととなった。,しかし、人間側の勝手な改暦に反発し、
w201106-0000338131,談話関係なし  原因・理由(順方向):少数意見,月の満ち欠けとともに営んでいた生活が改暦によって、太陽の巡りとともに生きていくこととなった。,反対派の妖怪たちが様々な問題を起こすようになってしまう。
w201106-0000338131,原因・理由(順方向)  談話関係なし:少数意見,しかし、人間側の勝手な改暦に反発し、,反対派の妖怪たちが様々な問題を起こすようになってしまう。
w201106-0000338131,目的(順方向),陸軍と妖怪は、妖怪絡みの問題を解決するため,新組織『妖人省』を立ち上げた。
w201106-0001617144,談話関係なし  逆接・譲歩(順方向):少数意見,真一君と二人だけでいる時間は、どこかに喜びがあった。,喜びから来る緊張感のような物もあった。
w201106-0001617144,逆接・譲歩(順方向),真一君と二人だけでいる時間は、どこかに喜びがあった。,けれど、今の私にはそれがない。
w201106-0001617144,逆接・譲歩(順方向),喜びから来る緊張感のような物もあった。,けれど、今の私にはそれがない。
w201106-0002700234,談話関係なし  原因・理由(順方向):少数意見,この無駄の無さと、描き込みは、評価に値する部分ですよね。,すばらしい！！
w201106-0001463616,原因・理由(逆方向)  談話関係なし:少数意見,センター試験の対策は過去問研究につきる。,センター数学は、他の入試とはあらゆる面で異なる特殊な試験である。
w201106-0000545521,目的(順方向),雲南市民の足となって,走っているのが『雲南市民バス』です。
w201106-0000545521,談話関係なし  目的(順方向):少数意見,雲南市民の足となって,走っているのが広域路線バス、『吉田・大東線』です。
w201106-0000545521,談話関係なし  目的(順方向):少数意見,雲南市民の足となって,吉田町から大東町を年末年始の４日間を除いて毎日７往復の運行をしています。
w201106-0002000111,原因・理由(逆方向),スタイリングが苦手な方は是非来ていただきたいです。,毎日のスタイリングが簡単に出来る手助けをさせていただきます。
w201106-0000551446,原因・理由(順方向),さて、今回のデベロッパーキャンプでは、懇親会形式の番外セッションを企画しています。,ここでは、懇親会場へのアクセスをご案内したいと思います。
w201106-0000551446,逆接・譲歩(順方向)  談話関係なし:少数意見,さて、今回のデベロッパーキャンプでは、懇親会形式の番外セッションを企画しています。,懇親会場は、ここからちょっと離れています。
w201106-0000551446,原因・理由(逆方向),ここでは、懇親会場へのアクセスをご案内したいと思います。,懇親会場は、ここからちょっと離れています。
w201106-0000551446,逆接・譲歩(順方向),デベロッパーキャンプは、東京国際フォーラムで実施していますが、,懇親会場は、ここからちょっと離れています。
w201106-0000649818,逆接・譲歩(逆方向),青森県は“青い森”というように自然に恵まれています。,いわゆる高山はありませんが、
w201106-0000649818,逆接・譲歩(逆方向),森や山が多くあります。,いわゆる高山はありませんが、
w201106-0000649818,逆接・譲歩(順方向),いわゆる高山はありませんが、,高くないゆえに、その土地の人たちと密接にかかわってきました。
w201106-0000711471,目的(逆方向),人間は体内に食べ物を取り入れて,生きています。
w201106-0001368167,原因・理由(順方向),コンプライアンス最優先の中で、正しい排ガス分析は重要課題です。,排ガス分析計に関する技術者の育成は企業としての使命です。
w201106-0001368167,原因・理由(順方向),コンプライアンス最優先の中で、正しい排ガス分析は重要課題です。,・各種排ガス分析計の検出原理、構造について学習します。
w201106-0001368167,原因・理由(順方向),排ガス分析計に関する技術者の育成は企業としての使命です。,・各種排ガス分析計の検出原理、構造について学習します。
w201106-0000441347,原因・理由(順方向),ちょっとお気軽・お手軽ランチをご用意しました。,リーズナブルなお値段でゆっくりとお楽しみください。
w201106-0002700300,原因・理由(逆方向),今日は２時間遅刻をしてしまいました。,なんだか体が言う事を聞かないのです。
w201106-0002700300,原因・理由(逆方向),ゴールデンウィーク明けから、一週間に１回は遅刻しています。,なんだか体が言う事を聞かないのです。
w201106-0000098876,原因・理由(順方向),文学資料閲覧のための施設です。,貸出はできませんので
w201106-0000098876,逆接・譲歩(順方向),埼玉ゆかりの文学者の作品や文学関係の資料が閲覧できます。,貸出はできませんので
w201106-0000098876,逆接・譲歩(順方向),コピーサービスは１枚１０円で行っておりますが、,貸出はできませんので
w201106-0001150000,原因・理由(順方向),周辺を豊かな海に囲まれ、,優れた海の文化が花開きました。
w201106-0002900174,原因・理由(順方向)  談話関係なし:少数意見,銀座日航ホテルは、銀座の地にオープンして,銀座のランドマークとしてご愛顧いただいております。
w201106-0002900174,原因・理由(順方向)  談話関係なし:少数意見,銀座日航ホテルは、銀座の地にオープンして,抜群な立地は、ビジネスはもちろん観光の拠点としてもご好評いただいております。
w201106-0002900279,原因・理由(順方向),以前のカードにはない（ラメ）が表面にもはいってて,キラキラしてます！！
w201106-0000863841,原因・理由(順方向),全てのサービスを終了させて頂くこととなりました。,サービス終了後は全てのページを削除させていただきます。
w201106-0000863841,談話関係なし  原因・理由(順方向):少数意見,全てのサービスを終了させて頂くこととなりました。,あらかじめご了承いただきますようお願い申し上げます。
w201106-0001779511,原因・理由(順方向),というわけで最終回です。,色んな感情が湧いてきますが、
w201106-0001779511,目的(順方向),特典を求めて、,ゲーマーズととらのあなに買いに行く。
w201106-0001779511,逆接・譲歩(順方向),色んな感情が湧いてきますが、,けいおんの最終回らしい良い話だったと思います。
w201106-0000916707,条件(順方向),企業で、それなりに仕事をこなしていると、,報告書を書く必要が出てきます。
w201106-0000916707,対比(方向なし),海外にはそのノウハウを記した本は多いのですが、,国内では意外と少ないのが実情です。
w201106-0002900282,原因・理由(順方向),オーソドックスな片踏みロードペダル。,ドレスアップも楽しめる。
w201106-0002900282,条件(順方向),トークリップ＆ストラップを取付けると,さらにオールディー且つ新鮮で、
w201106-0002900282,条件(順方向)  談話関係なし:少数意見,トークリップ＆ストラップを取付けると,シールドベアリングによって快適なペダリングを得られる。
w201106-0002900285,原因・理由(順方向),ハンガーボルト部分、リンク機構とプーリーケージ結合部の２箇所が多少ぐらぐらするようです。,こりゃいずれ交換だな。
w201106-0002900285,原因・理由(順方向),ハンガーボルト部分、リンク機構とプーリーケージ結合部の２箇所が多少ぐらぐらするようです。,今回はとりあえず恐る恐るプーリーを外してみました。
w201106-0002900285,逆接・譲歩(順方向),こりゃいずれ交換だな。,今回はとりあえず恐る恐るプーリーを外してみました。
w201106-0000555237,談話関係なし  条件(順方向):少数意見,それを実践することです。,ダンサーは、自分次第で絶対になれます。
w201106-0001722632,原因・理由(順方向),ヤフオクでお買いものすることがあって、,それで、大体イーバンクかゆうちょ銀行でお支払いしてます。
w201106-0001722632,原因・理由(順方向),最近もいくつか落札してました。,それで、大体イーバンクかゆうちょ銀行でお支払いしてます。
w201106-0001722632,逆接・譲歩(順方向),イーバンクは今までイーバンク同士は振込手数料が無料だったのですが、,最近有料になってしまいました。
w201106-0001357286,条件(順方向),入会しない限り、,わからない。
w201106-0000553063,逆接・譲歩(順方向),露天風呂もあるが、,眺めは期待できない。
w201106-0000867872,原因・理由(順方向),充実の研修制度もありますので,しっかり勉強できます。
w201106-0000878110,談話関係なし  逆接・譲歩(順方向):少数意見,また、女性・男性問わず、,アンチエイジングの効能をうたった化粧品が人気です。
w201106-0000440319,原因・理由(順方向),情報技術学院で開催中の『パソコンセミナー』は、カリキュラム変更のため一時中止させていただく事になりました。,参加希望の生徒様には、大変ご迷惑をおかけしますが、
w201106-0000440319,原因・理由(順方向)  談話関係なし:少数意見,情報技術学院で開催中の『パソコンセミナー』は、カリキュラム変更のため一時中止させていただく事になりました。,ご了承ください。
w201106-0002900317,目的(順方向),戦闘後、拿捕を防ぐため,港内でコレーエツは爆破され、
w201106-0002900317,目的(順方向),戦闘後、拿捕を防ぐため,ヴァリャーグも自沈した。
w201106-0002900317,目的(順方向),戦闘後、拿捕を防ぐため,また、スリンガーも自沈している。
w201106-0000155609,原因・理由(順方向),いべさんがご紹介するその他のイベントの一覧です。,何か面白いイベントを探されている方も、週末の予定を決めあぐねている方も是非ご覧になって下さい。
w201106-0000155609,条件(順方向),各タイトルをクリックすると,各イベントの詳細情報がご覧頂けます。
w201106-0000155609,談話関係なし  原因・理由(順方向):少数意見,各イベントの詳細情報がご覧頂けます。,何か面白いイベントを探されている方も、週末の予定を決めあぐねている方も是非ご覧になって下さい。
w201106-0001360068,原因・理由(順方向),パソコン整備士検定試験の練習問題を提供しております。,各設問に対して正しいと思われる選択肢にチェックを入れて下さい。
w201106-0001360068,条件(順方向),画面下にある『練習問題に挑戦する』ボタンをクリックすると、,練習問題が開始されます。
w201106-0001360068,原因・理由(順方向),練習問題が開始されます。,各設問に対して正しいと思われる選択肢にチェックを入れて下さい。
w201106-0002600085,対比(方向なし),かつては大型コンピューター開発生産事業を行っていた。,現在はテレコム・イタリアに買収され、
w201106-0002600085,対比(方向なし),かつては大型コンピューター開発生産事業を行っていた。,主にシステムソリューション事業を運営している。
w201106-0000336294,原因・理由(順方向),この記事の内容に関する文献や情報源が必要です。,ご存じの方はご提示ください。
w201106-0000336294,目的(逆方向)  談話関係なし:少数意見,この記事の内容に関する文献や情報源が必要です。,出典を明記するために
w201106-0000336294,原因・理由(順方向),この記事の内容に関する文献や情報源が必要です。,ご協力をお願いします。
w201106-0000336294,目的(逆方向),ご存じの方はご提示ください。,出典を明記するために
w201106-0000336294,目的(順方向),出典を明記するために,ご協力をお願いします。
w201106-0001837876,原因・理由(逆方向)  談話関係なし:少数意見,私たちは、常にプロフェッショナルとして、顧客のために行動いたします。,当事務所の弁護士は、「丁寧なサービス」と「社会への貢献」をその使命としております。
w201106-0001837876,原因・理由(順方向),当事務所の弁護士は、「丁寧なサービス」と「社会への貢献」をその使命としております。,常に、良質で丁寧なサービスを提供することを目指します。
w201106-0001628055,原因・理由(順方向),少しずつ増えていきますので,ご確認下さい。
w201106-0001859317,原因・理由(順方向)  談話関係なし:少数意見,三井海上と住友海上が合併しました。,１０／１より三井住友海上火災保険株式会社となります。
w201106-0001145637,逆接・譲歩(順方向),結婚を切望する相談者がたくさんいます。,そういう人は総じて、大切な縁を持つ人を見逃している場合が多いのです。
w201106-0001145637,条件(順方向),綿密な特徴、そして入籍日まで知っておけば、,宿命の伴侶は確実に浮かび上がってきますよ。
w201106-0002300234,条件(順方向),連休があって,旅をしない俺ではない。
w201106-0002300234,原因・理由(順方向),旅をしない俺ではない。,したがって旅をしているのだ。
w201106-0002300234,逆接・譲歩(順方向),今回は全然失恋の類はしていないのだが、,「ある種の傷心旅行」と位置づけている。
w201106-0001623041,逆接・譲歩(順方向),男女とも姓のみを彫刻しますが、,女性の場合は名前のみでも構いません。
w201106-0001596360,目的(逆方向),大手の日本調剤は漢方薬局と組み,健康食品を取り扱い始めた。
w201106-0001666510,逆接・譲歩(順方向)  談話関係なし:少数意見,前回のコラムでは「管理職は人を管理するな。,仕事を管理せよ」と書きました。
w201106-0001666510,原因・理由(逆方向),前回のコラムでは「管理職は人を管理するな。,どうしても個人的な好き嫌いの管理になる。
w201106-0001666510,原因・理由(逆方向),前回のコラムでは「管理職は人を管理するな。,それでは組織はよどんでしまう。
w201106-0001666510,談話関係なし  原因・理由(逆方向):少数意見,仕事を管理せよ」と書きました。,それでは組織はよどんでしまう。
w201106-0001666510,条件(順方向),人を管理すると、,どうしても個人的な好き嫌いの管理になる。
w201106-0001666510,条件(順方向),人を管理すると、,それでは組織はよどんでしまう。
w201106-0001666510,原因・理由(順方向),どうしても個人的な好き嫌いの管理になる。,それでは組織はよどんでしまう。
w201106-0001018949,逆接・譲歩(順方向),おいしいごはんのメニューがたっぷりあるバーってなかなかないですよね。,でもここは本格的な料理が揃っているのがうれしい。
w201106-0001018949,逆接・譲歩(順方向)  談話関係なし:少数意見,おいしいごはんのメニューがたっぷりあるバーってなかなかないですよね。,香ばしいパンに、ジューシーなフォアグラがガツンと挟まった”フォアグラサンドウィッチ”なんてメニューもあるんです。
w201106-0002900121,原因・理由(逆方向)  談話関係なし:少数意見,害をもたらすものは排除しなければならない。,それが大人の道理であることは間違いないのだけれど。
w201106-0002900121,原因・理由(逆方向)  談話関係なし:少数意見,巨大な力を持つものは責任を負わなければならない。,それが大人の道理であることは間違いないのだけれど。
w201106-0001150386,逆接・譲歩(順方向),今、円高で日本の製造業が悲鳴を上げている。,しかし、私は打開策はいくらでもあると思う。
w201106-0000347315,目的(順方向),本市では各学校園教員の指導力向上を図るために、,「アシスタントティーチャー」派遣事業を実施しております。
w201106-0000347315,談話関係なし  目的(順方向):少数意見,本市では各学校園教員の指導力向上を図るために、,第一線から退かれている皆様のお力を是非お貸し下さい。
w201106-0000347315,原因・理由(順方向),「アシスタントティーチャー」派遣事業を実施しております。,第一線から退かれている皆様のお力を是非お貸し下さい。
w201106-0001186263,談話関係なし  目的(逆方向):少数意見,平成１８年の一冊目から遡って,登録していきたいと思っております。
w201106-0002200135,原因・理由(順方向),皆さまに支えられ,４０周年！
w201106-0002200135,原因・理由(順方向)  談話関係なし:少数意見,４０周年！,日頃のご愛顧にお応えして
w201106-0002200135,原因・理由(順方向),４０周年！,謝恩価格プランにて皆さまのお越しを心からお待ちしております。
w201106-0002200135,目的(順方向)  原因・理由(順方向):少数意見,日頃のご愛顧にお応えして,謝恩価格プランにて皆さまのお越しを心からお待ちしております。
w201106-0002200135,原因・理由(順方向)  談話関係なし:少数意見,日頃のご愛顧にお応えして,お得な学割プラン２，７００円〜もあります。
w201106-0000672177,目的(順方向),社内勉強会を適切に運営し続けるためには,どのような工夫が必要なのか。
w201106-0001617740,原因・理由(順方向),多くの女性の心には、いつも水子のことがあります。,自分でご供養されたい方の、お手伝いをします。
w201106-0001617740,原因・理由(順方向),多くの女性の心には、いつも水子のことがあります。,電話、または面談で、方法などをお伝えします。
w201106-0001617740,目的(順方向),自分でご供養されたい方の、お手伝いをします。,電話、または面談で、方法などをお伝えします。
w201106-0001456910,逆接・譲歩(順方向),一口に経営コンサルタントといっても,いくつかに分類できます。
w201106-0001456910,逆接・譲歩(順方向),いくつかに分類できます。,しかし、特に決まった分類方法があるわけではありません。
w201106-0002000098,逆接・譲歩(順方向),やさしい色合いですが、,色々な願いを込めた欲張りな組み合わせです。
w201106-0001563550,原因・理由(順方向),オメガスピードマスターウオッチ、オメガシーマスターなどを通販でお安く購入出来る通販サイトの、御案内をしています。,掲載されたネットショップで必ずあなたのお好み時計がお安くみつかることを期待します。
w201106-0002500026,談話関係なし  その他根拠(順方向):少数意見,ピットから漏れた水が海に流れ出しているのがはっきりと分かる。,その量が相当なものになっていることは間違いない。
w201106-0002500026,談話関係なし  その他根拠(順方向):少数意見,ピットから漏れた水が海に流れ出しているのがはっきりと分かる。,１時間当たりトン単位になっていることは間違ない。
w201106-0002500026,その他根拠(順方向),水の流れの高さ方向の幅が２０センチというから,その量が相当なものになっていることは間違いない。
w201106-0002500026,その他根拠(順方向),水の流れの高さ方向の幅が２０センチというから,１時間当たりトン単位になっていることは間違ない。
w201106-0002600329,原因・理由(順方向),ほかに側線もあり、,電車が留置されていることがある。
w201106-0002900130,逆接・譲歩(順方向),残念なことに、私がこの場所に入れたのは、たった１０日の旅行の間だけでした。,しかしその旅行の思い出は、私の故郷を歩き回る時でさえ、決して興奮が覚めることはありませんでした。
w201106-0002700073,原因・理由(順方向),プッシュするのも安定感あって,ぐらぐらしないから
w201106-0002700073,原因・理由(順方向),プッシュするのも安定感あって,片手で十分ＯＫ！
w201106-0002700073,原因・理由(順方向),ぐらぐらしないから,片手で十分ＯＫ！
w201106-0002700073,原因・理由(逆方向)  その他根拠(順方向):少数意見,液だれに関しては今のことろ見られませんよ！,液自体をたっぷり入れすぎてないからかもね！
w201106-0001994353,原因・理由(順方向),６２期生２年生が６／２４〜６／２７の予定で北海道へ修学旅行に行っています。,その様子をお伝えします。
w201106-0002900003,条件(順方向),あんな技が出来たら,楽しいだろうな。
w201106-0002400305,談話関係なし  原因・理由(逆方向):少数意見,ボリス・イオファンらロシア人２人とアメリカ人１人による計３案が同時に勝者に選ばれた。,新古典主義に基盤を置いた案だった。
w201106-0002400305,原因・理由(逆方向),ボリス・イオファンらロシア人２人とアメリカ人１人による計３案が同時に勝者に選ばれた。,これにはレーニンと嗜好が違ったヨシフ・スターリンらの意向があった。
w201106-0002400305,談話関係なし  原因・理由(逆方向):少数意見,新古典主義に基盤を置いた案だった。,これにはレーニンと嗜好が違ったヨシフ・スターリンらの意向があった。
w201106-0001056314,原因・理由(順方向),上記にて使用されている製品は全て研究用です。,研究用以外の目的には使用しないでください。
w201106-0001056314,原因・理由(順方向),ヒト、動物の診断あるいは治療用としては承認されておりません。,研究用以外の目的には使用しないでください。
w201106-0002500291,原因・理由(順方向),そのソウルフルかつ圧倒的な歌唱力で多くの人を魅了し、,幅広い層からの支持を得ている。
w201106-0002500217,原因・理由(順方向),うん、やっぱり橋下さん好きです。,がんばってほしいな。
w201106-0002900223,条件(順方向),アルミワイヤーや銅線、真鍮線等の細い物を切る際、,切断面の切り口が尖がってしまう従来のニッパー。
w201106-0002900223,逆接・譲歩(順方向),切断面の切り口が尖がってしまう従来のニッパー。,本ワイヤーアートニッパーは切断面を平らに切断する事が可能です！
w201106-0001750121,談話関係なし  目的(逆方向):少数意見,自宅サロンを拠点に、契約挙式ホテル、イベント、出張ネイルをしています。,生活と心に彩るネイルを目指します。
w201106-0001750121,原因・理由(順方向),自宅サロンを拠点に、契約挙式ホテル、イベント、出張ネイルをしています。,お気軽にお問い合わせ下さい。
w201106-0001750121,談話関係なし  原因・理由(順方向):少数意見,生活と心に彩るネイルを目指します。,お気軽にお問い合わせ下さい。
w201106-0001750121,談話関係なし  原因・理由(順方向):少数意見,カルジェル、バイオ、アクセンツなど取り扱い、,お気軽にお問い合わせ下さい。
w201106-0001453523,原因・理由(逆方向),やっぱり、秋に緑色は似合わない。,わたしの着ている緑色のカーディガンの袖が視界の中央、居心地悪そうに浮かび上がる。
w201106-0001453523,原因・理由(逆方向),そう思わずにいられない。,わたしの着ている緑色のカーディガンの袖が視界の中央、居心地悪そうに浮かび上がる。
w201106-0001111466,逆接・譲歩(順方向),ミネラルウォーターやビール、ジュースはまとめ買いをしておくのが便利ですが、,かさばるので
w201106-0001111466,逆接・譲歩(順方向),ミネラルウォーターやビール、ジュースはまとめ買いをしておくのが便利ですが、,置き場所に困ってしまいます。
w201106-0001111466,原因・理由(順方向),かさばるので,置き場所に困ってしまいます。
w201106-0001111466,原因・理由(順方向),かさばるので,基本的には、これらのストックは納戸にしまっておくのがよいでしょう。
w201106-0001111466,逆接・譲歩(順方向),置き場所に困ってしまいます。,ただ、何本かはキッチンまわりの引出しや収納棚に入れておいてもよいですね。
w201106-0001111466,逆接・譲歩(順方向),基本的には、これらのストックは納戸にしまっておくのがよいでしょう。,ただ、何本かはキッチンまわりの引出しや収納棚に入れておいてもよいですね。
w201106-0002100384,条件(順方向),ボールについたロープを使えば、,簡単に遠くに投げることができます。
w201106-0002100389,目的(順方向),２０１０年夏に、ＪＲ東海が飯田線に観光列車「そよ風トレイン１１７」を走らせるために、,Ｓ９編成を改造したものである。
w201106-0002100389,談話関係なし  原因・理由(順方向):少数意見,Ｓ９編成を改造したものである。,車内から沿線の風景や風を楽しめるようになっている。
w201106-0001936431,条件(順方向),このシーズンになると、,いつもは閑静な住宅街も、イルミネーションで華やかに飾られます。
w201106-0001936431,談話関係なし  原因・理由(順方向):少数意見,いつもは閑静な住宅街も、イルミネーションで華やかに飾られます。,写真におさめる家庭もあるとか。
w201106-0001936431,目的(逆方向)  談話関係なし:少数意見,このイルミネーションをプロのカメラマンに頼んで,写真におさめる家庭もあるとか。
w201106-0002100069,原因・理由(順方向),久しぶりに夫の親友から電話があった。,長々と話していて
w201106-0002100069,原因・理由(順方向),久しぶりに夫の親友から電話があった。,夫の足は浮足立っていた。
w201106-0002100069,原因・理由(順方向),長々と話していて,でもそのあと夫は深夜遅くまで勉強していた。
w201106-0000119495,目的(順方向),生乳本来の風味と栄養を大切にするため、,低温殺菌を行っているおいしい牛乳です。
w201106-0001752087,逆接・譲歩(順方向)  逆接・譲歩(逆方向):少数意見,保育園では障害のある子供もない子供も一緒に元気に育ちます。,障害児の受け入れには自治体によって制限を設けている所もあります。
w201106-0001752087,原因・理由(順方向),入園には一定の条件があるので,事前に確認が必要です。
w201106-0001752087,原因・理由(逆方向)  談話関係なし:少数意見,事前に確認が必要です。,障害児の受け入れには自治体によって制限を設けている所もあります。
w201106-0002300293,逆接・譲歩(順方向),つまりホーム別１・２番線、３・４番線はそれぞれ同じであるが、,下段の案内が流れるタイミングは異なる。
w201106-0002300293,逆接・譲歩(順方向),列車入線前には下段に「電車がまいります」との表示が出るが、,それが上段に表示されている列車であるとは限らない。
w201106-0001074437,原因・理由(逆方向)  談話関係なし:少数意見,独特な食文化をもつ。,日本と沖縄の両方から影響を受け、
w201106-0001074437,原因・理由(順方向)  談話関係なし:少数意見,日本と沖縄の両方から影響を受け、,黒砂糖、豚肉を使った料理が多い。
w201106-0002300296,逆接・譲歩(順方向),確実に街並みは変貌しているが、,残して欲しいモノは残ってたりして。
w201106-0002300352,原因・理由(順方向),ひじきたっぷりで、,おいしい〜！
w201106-0002300352,原因・理由(順方向),ひじきたっぷりで、,体にもうれしい掻き揚げです。
w201106-0002400280,談話関係なし  原因・理由(順方向):少数意見,もう１０月です。,そしてここタイの雨季もあと１ヶ月の我慢です。
w201106-0000687023,原因・理由(順方向),又、当店は、オフィス街に位置しているという事もあり,法人様を多数担当させていただいております。
w201106-0000312992,原因・理由(逆方向),１２月の作成分をもう始めています。,バタバタするのがイヤなので・・・。
w201106-0000406275,原因・理由(順方向),フリーキャッシュフローは企業が提出する決算書には出てきませんので、,自分たちで算出する必要があります。
w201106-0001522322,条件(順方向),ずっとこのままでいられたら,幸せだ。
w201106-0001522322,原因・理由(順方向),幸せだ。,その後もパパとの関係を崩さないように努力した。
w201106-0001522322,原因・理由(順方向),幸せだ。,もちろん彼には写真を見てしまった事なんか絶対に打ち明けられないと思った。
w201106-0001522322,原因・理由(順方向),僕にはそれが分かっていたから、,その後もパパとの関係を崩さないように努力した。
w201106-0001522322,談話関係なし  原因・理由(順方向):少数意見,僕にはそれが分かっていたから、,もちろん彼には写真を見てしまった事なんか絶対に打ち明けられないと思った。
w201106-0001522322,談話関係なし  原因・理由(順方向):少数意見,その後もパパとの関係を崩さないように努力した。,もちろん彼には写真を見てしまった事なんか絶対に打ち明けられないと思った。
w201106-0001546150,談話関係なし  逆接・譲歩(順方向):少数意見,常陸の国の出身ですが、,鎌倉で万葉集の研究をし、
w201106-0000158200,談話関係なし  逆接・譲歩(逆方向):少数意見,不正利用される場合があります。,実際にクレジットカードがなくても、
w201106-0000158200,原因・理由(順方向),不正利用される場合があります。,他人に不正使用されないように、きちんと自分で処分しましょう。
w201106-0000158200,逆接・譲歩(順方向),実際にクレジットカードがなくても、,ご利用控えに載っている情報から通信販売などで悪用される事件が多発しています。
w201106-0000158200,原因・理由(順方向),ご利用控えに載っている情報から通信販売などで悪用される事件が多発しています。,他人に不正使用されないように、きちんと自分で処分しましょう。
w201106-0001763494,原因・理由(順方向),メールアドレスが不備で,メールをお送りできませんでした。
w201106-0001629631,原因・理由(順方向)  逆接・譲歩(順方向):少数意見,北海道ではまだ馴染みの薄いレストラン・ウェディングだ。,可能性は無限に広がる。
w201106-0000067136,条件(順方向)  談話関係なし:少数意見,名入れタオルをご注文頂いてから、,最短４日後にお手元にお届け致します。
w201106-0002400057,談話関係なし  原因・理由(順方向):少数意見,夏休み、,ハリー・ポッターは唯一の身寄りであるダーズリー家へ帰省していた。
w201106-0002300059,原因・理由(逆方向),今のところラッピングサービスはしておりません。,当店は零細ショップですので、
w201106-0002300059,原因・理由(順方向),当店は零細ショップですので、,簡易梱包にて出荷させていただいております。
w201106-0001118658,談話関係なし  対比(方向なし):少数意見,小学生では１０万人当たり６人ですが、,中学生になると約１９人、症例の９割には肥満ありとの報告でした。
w201106-0001413580,条件(順方向),よって申請時に一定の要件を満たせば,ほぼ１００％受給できます。
w201106-0001696274,逆接・譲歩(順方向),円形脱毛症とは、どの年齢でも起こりうる病気です。,しかし、原因がはっきりとはわかってはいません。
w201106-0001696274,逆接・譲歩(順方向)  逆接・譲歩(逆方向):少数意見,ストレスが誘引ではないかと考えられています。,しかし、原因がはっきりとはわかってはいません。
w201106-0000616585,談話関係なし  対比(方向なし):少数意見,日本一、湧出量の多い温泉地は大分県の別府だ。,２位も大分県の湯布院で、
w201106-0001582590,原因・理由(順方向)  談話関係なし:少数意見,お祝いに「羽衣」の天人の人形を頂いた。,新居の玄関に飾り、
w201106-0001582590,原因・理由(順方向),新居の玄関に飾り、,朝夕、目にした。
w201106-0000806979,原因・理由(順方向)  談話関係なし:少数意見,作図問題やユニークな論証など、良問で有名です。,通常の塾のテキストに加えて、思考力を身につけることが必要です。
w201106-0000173328,原因・理由(順方向)  談話関係なし:少数意見,山形新聞社では掲載記事を１９９９年１２月２０日付からデータベースとして蓄積しています。,目的の記事を簡単に見つけられます。
w201106-0000173328,原因・理由(順方向),検索は、入力された言葉が記事中で使われているかどうかで探しますので、,目的の記事を簡単に見つけられます。
w201106-0001404718,逆接・譲歩(順方向),カリキュラムはありますが、,ご自分のペースでじっくりと取り込むことができます。
w201106-0002800334,談話関係なし  その他根拠(順方向):少数意見,ご存知のようにおすぎとピーコは双子である。,半顔史を研究するうえでは貴重な文献といえるだろう。
w201106-0002800334,その他根拠(順方向)  原因・理由(順方向):少数意見,また、この本の発行が１９７９年というのも、半顔のサンプルとしてはかなり古いもので、,半顔史を研究するうえでは貴重な文献といえるだろう。
w201106-0002500102,談話関係なし  原因・理由(順方向):少数意見,現在はハンガリーのみで公用語となっている。,ハンガリーでは住民の９３．６％（２００２年）がハンガリー語を話し、
w201106-0002500102,談話関係なし  原因・理由(順方向):少数意見,現在はハンガリーのみで公用語となっている。,国語化している。
w201106-0002500102,談話関係なし  原因・理由(順方向):少数意見,ハンガリーでは住民の９３．６％（２００２年）がハンガリー語を話し、,国語化している。
w201106-0000263204,原因・理由(順方向),乳がんの約９０％はこの乳管から発生し、,乳管がんと呼ばれます。
w201106-0001787887,逆接・譲歩(順方向),色々な想いがありますが,一番は自分がこのクラブでプレーしたい。
w201106-0001787887,原因・理由(順方向),一番は自分がこのクラブでプレーしたい。,その一心で決断しました。
w201106-0001787887,原因・理由(逆方向)  談話関係なし:少数意見,一番は自分がこのクラブでプレーしたい。,まだまだ学ぶ事もたくさんありますし
w201106-0001787887,談話関係なし  原因・理由(順方向):少数意見,その一心で決断しました。,広島で成長していきたいと思います。
w201106-0001787887,原因・理由(順方向),まだまだ学ぶ事もたくさんありますし,広島で成長していきたいと思います。
w201106-0001357845,原因・理由(順方向),駅から徒歩３分、家庭的な雰囲気のふる里のお宿です。,ビジネス、観光にご利用ください。
w201106-0001357845,談話関係なし  原因・理由(順方向):少数意見,駅から徒歩３分、家庭的な雰囲気のふる里のお宿です。,お一人の方も歓迎、
w201106-0001357845,原因・理由(逆方向),ビジネス、観光にご利用ください。,お一人の方も歓迎、
w201106-0001357845,原因・理由(逆方向),ビジネス、観光にご利用ください。,長期滞在の方の宿泊もご相談に応じます。
w201106-0000810058,原因・理由(順方向),試合告知用のポスター（６／２４〜）が完成しました。,このポスターを、ご近所・行き付けの場所などに掲示していただける方にお渡しします。
w201106-0000810058,原因・理由(順方向),試合告知用のポスター（６／２４〜）が完成しました。,ぜひ、告知にご協力ください。
w201106-0000810058,原因・理由(順方向),このポスターを、ご近所・行き付けの場所などに掲示していただける方にお渡しします。,ぜひ、告知にご協力ください。
w201106-0000117701,原因・理由(順方向),節税対策の基本について「節税対策チェックリスト」をご用意しました。,皆様の節税対策にお役立てください。
w201106-0000117701,談話関係なし  原因・理由(逆方向):少数意見,皆様の節税対策にお役立てください。,銀行出身者ならではの資金調達のコツをご紹介します。
w201106-0002400379,談話関係なし  条件(順方向):少数意見,少し冷ましたお湯で煎れてみて下さい。,決して上級茶に引けを取らない味・コクのあるお茶です。
w201106-0002200305,逆接・譲歩(順方向),その多くはステロイド化合物であるが、,似た分子形状の為にステロイド受容体に作用しうる非ステロイド分子も含まれる。
w201106-0002200305,逆接・譲歩(順方向)  対比(方向なし):少数意見,受容体作用の点でいくつかの合成ステロイドは天然型ステロイドよりも弱いが、,あるものは天然型以上に強いものもある。
w201106-0000501860,逆接・譲歩(順方向),まだ最終回の放送前ですが,『崖っぷちのエリー』の打ち上げがありました。
w201106-0000501860,原因・理由(逆方向),『崖っぷちのエリー』の打ち上げがありました。,実は先週、浅間神社のシーン撮影でクランクアップしていたのです。
w201106-0001372449,逆接・譲歩(順方向)  談話関係なし:少数意見,定期的に開催されている行事を取りあげています。,開催時期、内容、会場などは変更されることもありますので、
w201106-0001372449,原因・理由(順方向),開催時期、内容、会場などは変更されることもありますので、,主催者に直接お問い合わせください。
w201106-0000420410,原因・理由(順方向)  談話関係なし:少数意見,投資や株は、常に変動しています。,情報を取り入れなければなりません。
w201106-0000420410,原因・理由(順方向),投資や株は、常に変動しています。,自分が知りたい情報だけを取り入れる必要があります。
w201106-0000420410,目的(順方向),その変動を読み取るには,情報を取り入れなければなりません。
w201106-0000420410,目的(順方向),その変動を読み取るには,自分が知りたい情報だけを取り入れる必要があります。
w201106-0000303654,談話関係なし  逆接・譲歩(逆方向):少数意見,明日の朝（１０時くらいですかね）、リニューアルオープンの予定です。,すごく大きな変化ではないかもしれませんが、
w201106-0000303654,談話関係なし  原因・理由(順方向):少数意見,明日の朝（１０時くらいですかね）、リニューアルオープンの予定です。,ぜひ、新しくなったフランチェスカをご覧いただけましたら
w201106-0000303654,逆接・譲歩(順方向),すごく大きな変化ではないかもしれませんが、,少しすっきりしたと思います。
w201106-0000303654,談話関係なし  逆接・譲歩(順方向):少数意見,すごく大きな変化ではないかもしれませんが、,ぜひ、新しくなったフランチェスカをご覧いただけましたら
w201106-0000380220,原因・理由(順方向),今年も茨城県立県民文化センターにおいてイルミネーションの点灯を実施いたします。,是非とも県民文化センターにお越しいただき、
w201106-0000380220,原因・理由(順方向),今年も茨城県立県民文化センターにおいてイルミネーションの点灯を実施いたします。,特別なひと時を心ゆくまでお楽しみください。
w201106-0000380220,原因・理由(順方向),およそ５万球のイルミネーションが、冬の夜空に輝く幻想的な風景を演出いたします。,是非とも県民文化センターにお越しいただき、
w201106-0000380220,原因・理由(順方向),およそ５万球のイルミネーションが、冬の夜空に輝く幻想的な風景を演出いたします。,特別なひと時を心ゆくまでお楽しみください。
w201106-0002800372,逆接・譲歩(順方向),巴武蔵によるゲッター炉暴走によってメカザウルスの大半を失うも、恐竜帝国は勝利をおさめる。,しかし戦死した武蔵の本当の狙いは新ゲッターロボ完成までの時間を稼ぐことだった。
w201106-0000633579,目的(順方向),権利関係が難しくなりがちな不動産取引を、安全かつ確実にするために、,司法書士が貢献しています。
w201106-0000106658,目的(逆方向)  談話関係なし:少数意見,桐学舎の講師陣が責任を持って,指導を行います。
w201106-0002700072,逆接・譲歩(順方向)  談話関係なし:少数意見,一方、ＷＨＯ資料２０５では、騒音、オゾン、コロナについても検討されている。,しかし、コロナ放電により紫外線が発生するとの認識がないまま
w201106-0002700072,談話関係なし  逆接・譲歩(順方向):少数意見,一方、ＷＨＯ資料２０５では、騒音、オゾン、コロナについても検討されている。,議論されたのではないかと考えられる。
w201106-0002700072,逆接・譲歩(順方向),一方、ＷＨＯ資料２０５では、騒音、オゾン、コロナについても検討されている。,文面では「その騒音レベルやオゾン濃度では健康に影響を与えることはありません。」とのみ記載されている。
w201106-0002700072,談話関係なし  原因・理由(順方向):少数意見,しかし、コロナ放電により紫外線が発生するとの認識がないまま,文面では「その騒音レベルやオゾン濃度では健康に影響を与えることはありません。」とのみ記載されている。
w201106-0000419482,原因・理由(順方向),川崎市市民・こども局が製作する「児童虐待防止の啓発ポスター」に、当クラブ所属選手が採用されましたので、,お知らせ致します。
w201106-0000962088,談話関係なし  その他根拠(順方向):少数意見,空港には魅力的なスポットがたくさんそろっています。,新たな発見があるかもしれません。
w201106-0000962088,条件(順方向),ちょっと足をとめてみると、,新たな発見があるかもしれません。
w201106-0002700076,対比(方向なし)  逆接・譲歩(順方向):少数意見,現在は撤去されたが、,当時は陸橋があったので
w201106-0002700076,原因・理由(順方向),当時は陸橋があったので,高いアングルから撮影出来た。
w201106-0002800022,逆接・譲歩(順方向),２００６年オフはトレードによりミルウォーキー・バックスへ移籍したが、,開幕直前の２００６年１０月２８日に解雇された。
w201106-0000926106,談話関係なし  原因・理由(順方向):少数意見,今年もえほんフェスタを開催します。,どうぞ手にとってごらんください。
w201106-0000926106,原因・理由(順方向),会場には、テーマごとにたくさんの絵本を集めています。,どうぞ手にとってごらんください。
w201106-0002200019,原因・理由(順方向),祝日は年によって変わるものがある（※印）ので、,オーストラリア大使館のホームページで確認を。
w201106-0001787536,原因・理由(順方向),以前から計画していたホームページを開設することができ、,嬉しいかぎりである。
w201106-0001998114,逆接・譲歩(順方向),上記の広告は１ヶ月以上更新のないブログに表示されています。,新しい記事を書く事で広告が消せます。
w201106-0000064774,逆接・譲歩(逆方向)  談話関係なし:少数意見,依然として農林、土木関係を中心に被害が拡大している。,避難生活者は奥州市の１世帯４人が減ったものの
w201106-0000064774,逆接・譲歩(順方向),避難生活者は奥州市の１世帯４人が減ったものの,９５人を数える。
w201106-0000558195,談話関係なし  原因・理由(逆方向):少数意見,２泊で香川県に旅行に行ってきた。,一応おそめの夏休みである。
w201106-0000980723,条件(順方向),◎下の一覧からご覧になりたい町名をクリックしていただくと,その地区に移動します。
w201106-0001335748,原因・理由(逆方向),本日の対徳島ヴォルティス戦の公式記録で２２時頃まで得点が逆になっておりました。,入力作業時のミスによるものです。
w201106-0001979777,原因・理由(順方向),とても充実されたブログですね。,山形へ旅行の際は参考にさせて頂きます。
w201106-0000948377,原因・理由(順方向),南アメリカのチリで、マグニチュード８．８の大地震が発生しました。,気象庁では、日本への影響について調査しています。
w201106-0000948377,原因・理由(順方向),５０年前のチリ地震では、津波が日本にも到達し、,１４０人を超える死者・行方不明者が出ています。
w201106-0000948377,原因・理由(順方向)  談話関係なし:少数意見,５０年前のチリ地震では、津波が日本にも到達し、,気象庁では、日本への影響について調査しています。
w201106-0001135326,原因・理由(逆方向),最近はインターネットで借り入れの申し込みが手軽にできるようになりました。,多くの会社がオンラインからの申し込みを受け付けている。
w201106-0000232446,原因・理由(逆方向),野球のバッティングの基本、基礎の理論を解り易く解説しています。,バッティングの練習は量より質です。
w201106-0000232446,原因・理由(逆方向),また、有益なイメージ、練習方法を紹介しています。,バッティングの練習は量より質です。
w201106-0001945041,原因・理由(逆方向),是非一度お試し下さい。,当公社にて独自の製法で椿油を製造しております。
w201106-0000603673,条件(順方向),子犬は新しい環境や飼い主にも慣れて,活発に動き回るようになります。
w201106-0000603673,目的(逆方向),あらゆる機会に犬の名前を呼んで、,呼ばれているのが自分である事を覚えさせましょう。
w201106-0002700164,逆接・譲歩(順方向),もう２点くらい入っても,おかしくない内容。
w201106-0002900103,逆接・譲歩(順方向),生姜好きなのですが、,春巻きに入れるという考えがありませんでした。
w201106-0002900103,原因・理由(順方向),春巻きに入れるという考えがありませんでした。,勉強になるな〜。
w201106-0002900103,談話関係なし  その他根拠(順方向):少数意見,和風の春巻き、,さっぱりした感じで、だんなさんが好きそうです。
w201106-0000150790,逆接・譲歩(逆方向),これ、「やたき」と読みます。,私は最初、「はちたき」かと思っていました。
w201106-0001190580,談話関係なし  逆接・譲歩(順方向):少数意見,週２〜３日間、調査のアルバイトをしています。,自由な時間が沢山あります。
w201106-0001190580,談話関係なし  目的(逆方向):少数意見,週２〜３日間、調査のアルバイトをしています。,近い将来、ロングステイをしたいと考えています。
w201106-0001190580,原因・理由(順方向),このアルバイトは３時間程度ですので,自由な時間が沢山あります。
w201106-0002700282,逆接・譲歩(順方向),こちらは一度開封されておりますが,本体は未使用品になります。
w201106-0002700282,逆接・譲歩(順方向)  談話関係なし:少数意見,こちらは一度開封されておりますが,本体には問題ございません。
w201106-0002700282,逆接・譲歩(逆方向)  談話関係なし:少数意見,本体は未使用品になります。,破れ等があるございます。
w201106-0002700282,逆接・譲歩(順方向),破れ等があるございます。,本体には問題ございません。
w201106-0001335963,原因・理由(順方向)  談話関係なし:少数意見,公園内には魯迅の記念館と墓がある。,魯迅の死後「魯迅公園」と改称された。
w201106-0001335963,談話関係なし  対比(方向なし):少数意見,公園内には魯迅の記念館と墓がある。,周辺には虹口足球場があり、
w201106-0001335963,逆接・譲歩(順方向),設置当初は「虹口公園」だったが,魯迅の死後「魯迅公園」と改称された。
w201106-0001335963,原因・理由(順方向),周辺には虹口足球場があり、,国際競技やコンサートが頻繁に開催されている。
w201106-0002100000,目的(逆方向)  談話関係なし:少数意見,これに対してポーランド貴族（シュラフタ）は、マーリアの妹ヘドヴィグ（ヤドヴィガ）を女王に推戴して,同君連合を解消する。
w201106-0002100000,原因・理由(逆方向),同君連合を解消する。,ルクセンブルク家はポーランドの宿敵であるドイツ騎士団の支援者だったからである。
w201106-0000373027,原因・理由(順方向),各施設・病院のホームヘルパー・介護福祉士募集内容を詳しくご紹介していますので,ご希望の条件・勤務地などご確認下さい。
w201106-0002100094,条件(順方向),曲がりくねった丸石の通りを歩けば、,あちこちにレストランやお店、タレットやタワーがあります。
w201106-0000983372,原因・理由(順方向)  談話関係なし:少数意見,やっぱり谷崎はエロいなあ。,谷崎作品は、広辞苑に載っている意味での「変態」だと思う。
w201106-0000983372,原因・理由(逆方向),谷崎作品は、広辞苑に載っている意味での「変態」だと思う。,なんかこう、隠微な感じがする。
w201106-0002400201,談話関係なし  原因・理由(順方向):少数意見,この感覚に麻痺して,酔い痴れてしまっているのだ。
w201106-0002400201,談話関係なし  原因・理由(順方向):少数意見,酔い痴れてしまっているのだ。,早く細胞にまで浸透させなくては！！
w201106-0001110755,原因・理由(順方向),入試、カリキュラム、就職、奨学金・学生支援、実学臨床教育紹介の個別相談コーナーや在学生とのフリートークも開催中。,受験生のみなさんはもちろん、高校１、２年生や保護者のみなさんの参加もお待ちしております。
w201106-0001862016,逆接・譲歩(順方向),出張のため、オフィスをお休みさせて頂きます。,お問い合わせメールのお返事は出張先から対応させて頂きます。
w201106-0001862016,逆接・譲歩(順方向),お休みはアメリカ時間６日（月）と７日（火）です。,お問い合わせメールのお返事は出張先から対応させて頂きます。
w201106-0000745410,談話関係なし  原因・理由(順方向):少数意見,今話題のタンクレストイレ「サティス」「レジオ」も体験トイレにて体感が可能です。,キッチン・浴室・洗面なども、実際に「見て、
w201106-0000745410,談話関係なし  原因・理由(順方向):少数意見,今話題のタンクレストイレ「サティス」「レジオ」も体験トイレにて体感が可能です。,触れて」使い勝手をお確かめください。
w201106-0002800220,原因・理由(順方向),透明感のある優しいフローラルな香りが心を落ち着かせます。,集中したい時などにどうぞ。
w201106-0000348228,談話関係なし  原因・理由(順方向):少数意見,閉店いたしました。,詳細は下記サイトをご覧くださいませ。
w201106-0000348228,談話関係なし  原因・理由(順方向):少数意見,「せんたくびより」としてリニューアルオープンしております。,詳細は下記サイトをご覧くださいませ。
w201106-0002600170,原因・理由(順方向),ナンバーワンのゴルフボール。,ローリーマキロイ、ルークドナルド、リーウエストウッドなど世界トップレベルのゴルファーは皆このプロＶ１を使用しています。
w201106-0002600170,原因・理由(逆方向),ナンバーワンのゴルフボール。,最高レベルの飛距離、最高レベルのスピン、最高レベルの打感が１つのボールに集約されています。
w201106-0002600170,原因・理由(逆方向),ローリーマキロイ、ルークドナルド、リーウエストウッドなど世界トップレベルのゴルファーは皆このプロＶ１を使用しています。,最高レベルの飛距離、最高レベルのスピン、最高レベルの打感が１つのボールに集約されています。
w201106-0002800018,条件(順方向),日本でもそういった形でＤＪがプレイすることができれば、,ダンスミュージックの人気にもつながると思うのですが。
w201106-0001549181,談話関係なし  原因・理由(順方向):少数意見,誠に勝手ながら、現在サーバーのメンテナンスを行っております。,メンテナンス中はインフォトップ全サービスを休止させて頂きます。
w201106-0001670983,談話関係なし  原因・理由(順方向):少数意見,ロハスな生活にあこがれつつ、,最近は手作りのものにはまっています。
w201106-0000358993,原因・理由(順方向)  談話関係なし:少数意見,４月にはイラン革命が起こり、,親米のパフラヴィー朝に代わり、イスラム国家体制を謳うイラン・イスラム共和国が樹立された。
w201106-0000358993,原因・理由(順方向)  談話関係なし:少数意見,親米のパフラヴィー朝に代わり、イスラム国家体制を謳うイラン・イスラム共和国が樹立された。,まず、その反欧米主義・シーア派中心のイスラム国家主義の方針から、西側諸国・イスラム諸国との関係は共に悪化した。
w201106-0000134954,条件(順方向),「申請書等ダウンロードサービス」をご利用いただきますと、,兵庫県の申請書（様式）等がインターネットでいつでも取り出せます。
w201106-0000134954,原因・理由(順方向)  談話関係なし:少数意見,兵庫県の申請書（様式）等がインターネットでいつでも取り出せます。,「部局別で探す」を選択してください。
w201106-0000134954,逆接・譲歩(順方向),兵庫県の申請書（様式）等がインターネットでいつでも取り出せます。,なお、このサービスでは県が使用している全ての申請書等を掲載しているものではありません。
w201106-0002600050,原因・理由(順方向),もともと懸賞とかキャンペーン申込のために始めたツイッターですので、,そういうのが多めです。
w201106-0000872368,原因・理由(順方向),製品は目に見える形で存在するので、,消費者とコミュニケーションを取りやすい。
w201106-0002000271,逆接・譲歩(順方向),やっと夏休みを消化した．,でも，近場にちょっと出かけただけで遠出はなし．
w201106-0000537306,条件(順方向),フレーム機能を使って,花の写真を効率的に見ることができます。
w201106-0000537306,原因・理由(順方向),花の写真を効率的に見ることができます。,ぜひフレーム機能をサポートしたブラウザでご覧ください。
w201106-0002000173,原因・理由(逆方向),昔から温めてきたサービス案をまずは、社内で実運用してみることにした。,自分で使ってないものは人に売るなってね。
w201106-0001513186,目的(順方向),物件の一覧を見るには,数字をクリックして下さい。
w201106-0000125787,原因・理由(順方向),日頃お世話になっている企業の皆様に、特別料金でご利用頂ける会議・研修会プランをご用意致しました。,どうぞお気軽にお問い合わせ下さい。
w201106-0000125787,原因・理由(順方向),大・小１４の会場は、あらゆるビジネスシーンにお応え致します。,どうぞお気軽にお問い合わせ下さい。
w201106-0000184572,逆接・譲歩(順方向),イスラム教徒が多いインドネシアの中で、,バリ島ではヒンドゥー教徒が多数を占める。
w201106-0000184572,その他根拠(順方向),バリ島ではヒンドゥー教徒が多数を占める。,その文化の独自性が推しはかられるだろう。
w201106-0000184572,その他根拠(逆方向),その文化の独自性が推しはかられるだろう。,人々は今もなお、宗教と密接に結びついた伝統的なスタイルで生活を営んでいる。
w201106-0002700396,逆接・譲歩(順方向),日本語では技術革新と訳されることがあるが、,イノベーションは技術の分野に留まらない。
w201106-0000164949,談話関係なし  条件(逆方向):少数意見,グループ専用のラッキーレターで貰えます。,期間は５月２日までです。
w201106-0000164949,談話関係なし  原因・理由(順方向):少数意見,春をイメージし、,花をモチーフに作った眼鏡です。
w201106-0002900091,原因・理由(順方向)  談話関係なし:少数意見,お化粧感覚で自然にサイズダウン。,憧れのスリムなボディを実現します。
w201106-0002900091,談話関係なし  条件(逆方向):少数意見,お化粧感覚で自然にサイズダウン。,ゆっくりマッサージ。
w201106-0002900091,談話関係なし  目的(順方向):少数意見,憧れのスリムなボディを実現します。,毎日のお肌のお手入れと同じように、クリームをお肌に塗って
w201106-0002900091,目的(順方向)  談話関係なし:少数意見,憧れのスリムなボディを実現します。,ゆっくりマッサージ。
w201106-0002500054,談話関係なし  逆接・譲歩(逆方向):少数意見,がんばりましょう。,喪中ですが、
w201106-0002500054,原因・理由(逆方向),がんばりましょう。,やることは山積です。
w201106-0002500054,逆接・譲歩(順方向),喪中ですが、,まだ、元気にやりますよ。
w201106-0002500054,談話関係なし  逆接・譲歩(順方向):少数意見,喪中ですが、,やることは山積です。
w201106-0002500054,原因・理由(逆方向),まだ、元気にやりますよ。,やることは山積です。
w201106-0000161486,目的(順方向),フレッツ光をはじめるために,押さえておきたいポイントをご案内します。
w201106-0000161486,談話関係なし  目的(順方向):少数意見,フレッツ光をはじめるために,ご利用中の回線から、フレッツ光へ乗り換える方法をご案内します。
w201106-0000161486,談話関係なし  目的(順方向):少数意見,フレッツ光をはじめるために,あなたにぴったりなプロバイダー選びをお手伝いします。
w201106-0002500237,逆接・譲歩(順方向),特許文献２には、ｐＨ１〜５で溶解したキトサン（塩基性多糖類）含む消臭剤が、生ゴミや糞尿臭に有効であることが開示されている。,しかしながら、この消臭剤は、脂肪酸臭やアルデヒド臭に対しては効果的でない。
w201106-0002500237,原因・理由(順方向),また、キトサンは水不溶性であるため、,水溶液系の消臭剤には適さない。
w201106-0002100292,原因・理由(順方向),このメインゲートイーストからすぐのモーテルにはレストランがあり、,食事をお楽しみいただけます。
w201106-0002100292,原因・理由(順方向),このモーテルにはのんびりくつろぐのに最適な屋外プールもあります。,水着と日焼け止めをどうぞお忘れなく。
w201106-0000180440,原因・理由(順方向),オーム社主催の第二種電気工事士試験突破研究会を下記要領で開催いたします。,どうぞお気軽にお越しください。
w201106-0000180440,原因・理由(順方向),合格に必要なポイントをわかりやすく解説いたします。,どうぞお気軽にお越しください。
w201106-0000931046,原因・理由(逆方向),スープ類はお時間を頂戴しております。,それはちゃんと煮込むからです。
w201106-0000931046,目的(逆方向),スープ類はお時間を頂戴しております。,温め直しではない本物の美味をお楽しみ下さい。
w201106-0000931046,原因・理由(順方向),それはちゃんと煮込むからです。,温め直しではない本物の美味をお楽しみ下さい。
w201106-0002400015,原因・理由(順方向),とても軽いので,エコバッグとして、毎日のお買い物にも使いたいですね。
w201106-0002400015,原因・理由(順方向),上部に留め具もついているので、,荷物のはみ出し防止にもなります。
w201106-0001701765,原因・理由(順方向)  談話関係なし:少数意見,これがあるから、,まだまだ油断がならない。
w201106-0001701765,逆接・譲歩(順方向),まだまだ油断がならない。,でも、こんな景色も好きだ。
w201106-0001701765,談話関係なし  原因・理由(順方向):少数意見,でも、こんな景色も好きだ。,桜の代わり、季節外れの雪見を楽しむことにしよう。
w201106-0001373472,談話関係なし  原因・理由(順方向):少数意見,生地にだし、しょうゆを加え、,味つけしたたこ焼きです。
w201106-0001373472,談話関係なし  原因・理由(順方向):少数意見,味つけしたたこ焼きです。,電子レンジで温めるだけで簡単に調理できます。
w201106-0001373472,談話関係なし  原因・理由(順方向):少数意見,電子レンジで温めるだけで簡単に調理できます。,７個の個食パックでおやつ、夜食に最適です。
w201106-0001081026,原因・理由(順方向),高梁市内を移動図書館が巡回しています。,お近くの方は、気軽にご利用ください。
w201106-0000865021,目的(順方向),岩手県立総合教育センターの研究について検索することができます。,ご利用の前に、必ず＜教育研究文献情報データベース運用規程＞をご覧下さい。
w201106-0001880261,原因・理由(順方向),ホテル内にミニ図書館がございます。,お好みの本をお部屋でゆったりとご覧下さい。
w201106-0002200337,原因・理由(順方向),ジェームスタウンの観光名所・スポットに関する情報が満載。,ジェームスタウン旅行前の観光情報のチェックには、トリップアドバイザーをご活用ください。
w201106-0002200337,原因・理由(順方向),ジェームスタウンにある７件の観光名所を、１００件の口コミや写真・マップと共にご紹介しています。,ジェームスタウン旅行前の観光情報のチェックには、トリップアドバイザーをご活用ください。
w201106-0000667613,条件(順方向),ランキングは健全に行われてこそ,意味が有ります。
w201106-0000667613,条件(順方向),状況を見て,廃止する場合も有ります。
w201106-0001018001,原因・理由(順方向),社員教育メールの購読は、こちらでお申し込み頂けます。,下記のお申し込みフォームにご入力頂き、
w201106-0001018001,原因・理由(順方向),社員教育メールの購読は、こちらでお申し込み頂けます。,「購読」ボタンをクリックしてください。
w201106-0001018001,条件(順方向),正しく登録されますと、,メールアドレスに確認のメールが届きます。
w201106-0001005440,談話関係なし  原因・理由(順方向):少数意見,龍泉洞の水と厳選した良質の手焼焙煎コーヒー豆でつくりあげたのが「龍泉洞珈琲」です。,最上の素材と最高の技法で完成した極上の味をお楽しみください。
w201106-0001005440,談話関係なし  目的(逆方向):少数意見,水との相性を考えながら,それぞれ焙煎しました。
w201106-0000419346,原因・理由(逆方向),福岡市・福岡近郊へのご出張・ご旅行には、快適・便利な福徳不動産のマンスリーマンションがおすすめです。,敷金・礼金・仲介料も不要で
w201106-0000419346,原因・理由(逆方向),福岡市・福岡近郊へのご出張・ご旅行には、快適・便利な福徳不動産のマンスリーマンションがおすすめです。,手続きも簡単。
w201106-0000419346,原因・理由(逆方向),福岡市・福岡近郊へのご出張・ご旅行には、快適・便利な福徳不動産のマンスリーマンションがおすすめです。,アクセスも便利な物件をご提供しております。
w201106-0000419346,談話関係なし  原因・理由(順方向):少数意見,敷金・礼金・仲介料も不要で,手続きも簡単。
w201106-0002400394,逆接・譲歩(順方向)  談話関係なし:少数意見,みんな潰瘍性大腸炎にかかってしまったことは同じ。,でも、通院している病院はいろいろだし
w201106-0002400394,逆接・譲歩(順方向)  談話関係なし:少数意見,みんな潰瘍性大腸炎にかかってしまったことは同じ。,かかっている医師も違う。
w201106-0002400394,逆接・譲歩(順方向),自分が過去に通っていたクリニックは、胃腸の検査は良くやっているけど、,ＵＣの患者が殆ど来ないところ。
w201106-0000816772,逆接・譲歩(順方向),５年前から育てているテマリカンボクですが、,一度も花が咲きません。
w201106-0000816772,逆接・譲歩(逆方向),一度も花が咲きません。,日当たりの良い庭に地植えしています。
w201106-0000816772,条件(順方向),今後どのように管理すると,花が咲きやすいのでしょうか。
w201106-0002300252,逆接・譲歩(順方向),他の炭酸水でペットボトル入りがありますが、,敢えて缶入りを購入しました。
w201106-0000433407,談話関係なし  原因・理由(逆方向):少数意見,愛煙家にとって世の中いたる所で居場所が無くなっている現在、又もう１カ所喫煙禁止場所が増えてしまった。,ベランダのみ禁煙になる。
w201106-0000433407,逆接・譲歩(順方向),今までは自分のキャビンとベランダは喫煙が可能であったが、,ベランダのみ禁煙になる。
w201106-0000192866,逆接・譲歩(順方向),マーサが青年をベッドに誘おうとしても、,ジョージは文句を言わない。
w201106-0000192866,原因・理由(逆方向),ジョージは文句を言わない。,すでに二人の間には、愛のかけらもなかったのだ。
w201106-0000830682,原因・理由(順方向),東京駅の八重洲口、大丸の隣には、お土産を購入できるエリアがある。,便利に利用することができる。
w201106-0000830682,原因・理由(順方向),それほど広く無いスペースに沢山のお店があり、,様々なお土産ニーズに応えることができる。
w201106-0000830682,原因・理由(順方向)  談話関係なし:少数意見,それほど広く無いスペースに沢山のお店があり、,便利に利用することができる。
w201106-0000830682,原因・理由(順方向),様々なお土産ニーズに応えることができる。,便利に利用することができる。
w201106-0000830682,原因・理由(順方向),鳩サブレとか、ひよことか、雷おこしなんていう東京銘菓も販売されているので、,便利に利用することができる。
w201106-0000252479,原因・理由(順方向),全ての都道府県に１つずつ設置されている。,各神社庁は、「○○県神社庁」のような名称となっている。
w201106-0000120039,条件(順方向)  談話関係なし:少数意見,仲の良い人や気になる人とは友達になりましょう。,マイページからブログの更新やつぶやきをチェックできます。
w201106-0000120039,談話関係なし  条件(逆方向):少数意見,マイページからブログの更新やつぶやきをチェックできます。,友達にブログの書き込み権限を渡してあげましょう。
w201106-0000120039,条件(順方向),一緒にブログを書きたいと思ったら、,友達にブログの書き込み権限を渡してあげましょう。
w201106-0000253656,逆接・譲歩(順方向),空は少し曇ってはいますが、,今日はなかなかの爽やかな１日になりそうです。
w201106-0002400130,原因・理由(順方向),当駅のテーマは「モクレン」である。,コンコース壁画はモクレンである。
w201106-0002600268,原因・理由(逆方向),ドア間は２０７系の７人掛から６人掛に減らし、,かねてより、利用者から７人掛けシートの廃止を求める声を反映したものである。
w201106-0002200090,対比(方向なし),投票だけをするもよし。,コメントするだけでもよし。
w201106-0000069324,原因・理由(順方向),海外留学では、十分な語学力を身につけておくことが重要。,出願の１年前から語学能力試験を計画的に受験することをお勧めします。
w201106-0000403896,原因・理由(順方向),財産管理課では、公用車両・玄関マットへ有料広告を掲載していただける方を募集しています。,ご協力いただける方は、以下の要項を参照していただき、
w201106-0000403896,原因・理由(順方向),財産管理課では、公用車両・玄関マットへ有料広告を掲載していただける方を募集しています。,応募をお願いします。
w201106-0000403896,原因・理由(順方向)  談話関係なし:少数意見,財産管理課では、公用車両・玄関マットへ有料広告を掲載していただける方を募集しています。,たくさんの方の応募をお待ちしております。
w201106-0000403896,条件(順方向),ご協力いただける方は、以下の要項を参照していただき、,応募をお願いします。
w201106-0000403896,談話関係なし  原因・理由(逆方向):少数意見,応募をお願いします。,たくさんの方の応募をお待ちしております。
w201106-0001413403,対比(方向なし),アウトレット商品はもちろんですが、,今年の新商品も揃えています。
w201106-0002900185,原因・理由(順方向),金属製ですので、,しっかり髪に留まります。
w201106-0000303330,原因・理由(逆方向),先日、北越谷カントリークラブで練習ラウンドをしてきました。,どうしても、ウェッジを芝の上で試したくなったからです。
w201106-0000303330,逆接・譲歩(逆方向)  談話関係なし:少数意見,先日、北越谷カントリークラブで練習ラウンドをしてきました。,風が厳しかったですが、
w201106-0000303330,談話関係なし  逆接・譲歩(逆方向):少数意見,どうしても、ウェッジを芝の上で試したくなったからです。,風が厳しかったですが、
w201106-0000303330,逆接・譲歩(順方向),風が厳しかったですが、,そんなのは関係ありません。
w201106-0001968824,原因・理由(順方向)  談話関係なし:少数意見,カーブスはアメリカ生まれの女性専用の運動施設です。,若い方はもちろん年配の方にも喜ばれています。
w201106-0001968824,原因・理由(逆方向),若い方はもちろん年配の方にも喜ばれています。,空いた時間に３０分、楽しく続けられる工夫もいっぱいです。
w201106-0002900207,原因・理由(順方向),かつて暴言を吐きまくり、,日本中のバッシングを受けた亀田一家。
w201106-0002900207,逆接・譲歩(順方向)  談話関係なし:少数意見,かつて暴言を吐きまくり、,しかし謝罪会見をきっかけに長男興毅は敬語を使い、
w201106-0002900207,談話関係なし  逆接・譲歩(順方向):少数意見,かつて暴言を吐きまくり、,頭を下げるように…。
w201106-0002900207,逆接・譲歩(順方向)  談話関係なし:少数意見,日本中のバッシングを受けた亀田一家。,しかし謝罪会見をきっかけに長男興毅は敬語を使い、
w201106-0002900207,談話関係なし  逆接・譲歩(順方向):少数意見,日本中のバッシングを受けた亀田一家。,頭を下げるように…。
w201106-0002900207,談話関係なし  原因・理由(順方向):少数意見,しかし謝罪会見をきっかけに長男興毅は敬語を使い、,この変化の理由をたかじんが追及！
w201106-0002900207,談話関係なし  原因・理由(順方向):少数意見,頭を下げるように…。,この変化の理由をたかじんが追及！
w201106-0001606303,原因・理由(順方向),キダチアロエは、胃腸の働きを活発にして,便秘解消に効果があります。
w201106-0002900297,逆接・譲歩(順方向),最近はＸｂｏｘ３６０をやっていますが,全然熱中できません。
w201106-0001845859,条件(順方向),インターネット環境が整っていれば、,初心者でも簡単に利用できます。
w201106-0001845859,原因・理由(順方向),初心者でも簡単に利用できます。,アンケート・モニターは最近人気の初心者向けネット副業だそうです。
w201106-0002800319,原因・理由(順方向),在庫数に限りがありますので、,ＰＳ２０５は予約商品とさせていただきます。
w201106-0002800319,原因・理由(順方向),在庫数に限りがありますので、,ご検討の方はお早めにご注文下さいませ。
w201106-0002800319,原因・理由(順方向),ＰＳ２０５は予約商品とさせていただきます。,ご検討の方はお早めにご注文下さいませ。
w201106-0002800319,原因・理由(逆方向),ご検討の方はお早めにご注文下さいませ。,予約順での発送となります。
w201106-0001217913,条件(順方向),全力で走れば、,分かるでしょう。
w201106-0001217913,談話関係なし  原因・理由(順方向):少数意見,分かるでしょう。,限界を決めるのはそれからにします。
w201106-0000674522,原因・理由(順方向),アール・ヌーヴォーの環境の中で鉄工芸の技術を習得し、,鉄という素材を熟知するようになる。
w201106-0002400191,原因・理由(順方向),更に贅沢にスチーマーでトリートメント成分をぎゅっと閉じ込め、,うるツヤの髪を実現。
w201106-0000585746,談話関係なし  条件(順方向):少数意見,「デイコース」は１日の約定代金の合計金額に応じて,手数料を計算します。
w201106-0000897540,条件(順方向),郵便事業だけでなく、簡保、郵貯の２つの事業を見据えないと,郵政民営化問題の本質はとらえられない。
w201106-0001239347,原因・理由(逆方向),１０００万増の７０００万円でサインした。,「思ってた数字がポンと出てきた。
w201106-0001239347,談話関係なし  原因・理由(順方向):少数意見,１０００万増の７０００万円でサインした。,厳しいと思ってたので」と、にこやかな表情を浮かべていた。
w201106-0001239347,談話関係なし  原因・理由(順方向):少数意見,今季４６試合に登板した中継ぎ右腕は、２勝１敗、防御率２・２０の好成績を残した。,「思ってた数字がポンと出てきた。
w201106-0001239347,原因・理由(順方向),「思ってた数字がポンと出てきた。,厳しいと思ってたので」と、にこやかな表情を浮かべていた。
w201106-0000519930,原因・理由(順方向),名鉄バスでは、高速バスの予約サイトや一般路線時刻検索サイトなどを集約したモバイルサイトを新設いたしました。,いつでもすぐに高速バスの予約や一般路線の時刻・運賃検索が可能です。
w201106-0000519930,談話関係なし  原因・理由(順方向):少数意見,名鉄バスでは、高速バスの予約サイトや一般路線時刻検索サイトなどを集約したモバイルサイトを新設いたしました。,また、高速バスや長島温泉バスなどの運休情報を確認することが出来ます。
w201106-0000519930,条件(順方向),こちらをお気に入りなどに登録しておけば、,いつでもすぐに高速バスの予約や一般路線の時刻・運賃検索が可能です。
w201106-0000519930,談話関係なし  条件(順方向):少数意見,こちらをお気に入りなどに登録しておけば、,また、高速バスや長島温泉バスなどの運休情報を確認することが出来ます。
w201106-0001289008,談話関係なし  逆接・譲歩(逆方向):少数意見,当店では伊豆下田で採れた新鮮な地魚を豊富にとりそろえております。,天候にもよりますが、
w201106-0001289008,逆接・譲歩(順方向),天候にもよりますが、,白身を中心とした地魚は１０種類以上にもなります。
w201106-0000543750,その他根拠(順方向),薄毛になるには、,原因があるはずです。
w201106-0000543750,原因・理由(順方向),原因があるはずです。,この機会にチェックしてみましょう。
w201106-0000543750,原因・理由(順方向),自分ではあたりまえの生活習慣などが、薄毛の症状をひきおこしているかもしれません。,この機会にチェックしてみましょう。
w201106-0002700384,条件(順方向),テンプレートが更新されれば、,そのテンプレートを呼び出しているページにも変更が反映されます。
w201106-0002700384,逆接・譲歩(順方向),そのテンプレートを呼び出しているページにも変更が反映されます。,しかし、それでは不便なこともあります。
w201106-0001123763,談話関係なし  原因・理由(順方向):少数意見,優れた作品は小誌に掲載し、,原稿料をお支払いいたします。
w201106-0000474521,目的(順方向),第１条市民の教育と文化の発展に寄与するため，,図書館を設置する。
w201106-0000474521,談話関係なし  目的(順方向):少数意見,第１条市民の教育と文化の発展に寄与するため，,３京都市中央図書館に分館を置く。
w201106-0002700382,逆接・譲歩(順方向),それ以来、読むこと３度目だが、,いささかもその面白さは損なわれることはない。
w201106-0002700382,談話関係なし  逆接・条件(逆方向):少数意見,いささかもその面白さは損なわれることはない。,何度読んでも
w201106-0002700382,談話関係なし  逆接・譲歩(順方向):少数意見,何度読んでも,感動を味わえるということは、それだけ人間が描かれている証左であろう。
w201106-0002700025,逆接・譲歩(順方向),国の公用語はフィリピノ（タガログ）語。,ただし、ビサヤ諸島のビサヤ語など、地方によってはタガログ語以外のフィリピノ語が使われている。
w201106-0002700025,逆接・譲歩(順方向),国の公用語はフィリピノ（タガログ）語。,マニラ近郊のカビテ州の一部やミンダナオ島の一部では、スペイン語を多く含むチャバカノ語も話されている。
w201106-0002700025,談話関係なし  逆接・譲歩(逆方向):少数意見,ただし、ビサヤ諸島のビサヤ語など、地方によってはタガログ語以外のフィリピノ語が使われている。,マニラ近郊のカビテ州の一部やミンダナオ島の一部では、スペイン語を多く含むチャバカノ語も話されている。
w201106-0001868494,目的(順方向),●質問とその答えに責任を持つため,匿名は堅くお断りいたします。
w201106-0001824050,原因・理由(順方向),周囲は公園になっていて,自由に歩けます。
w201106-0001824050,原因・理由(順方向),堀や石垣なども残っていて、,いい雰囲気を作っています。
w201106-0002800002,原因・理由(順方向)  談話関係なし:少数意見,今年は学園祭でクリスマスソングを演奏するチャンスに恵まれた。,来年もできたらいいなぁ・・・。
w201106-0002800002,条件(順方向),もしブラバン出身の学生がゴロゴロいたら、,是非この曲を。
w201106-0001859010,その他根拠(順方向),電報には台紙などで紙を使います。,消費される紙の量も相当でしょう。
w201106-0001859010,その他根拠(順方向),１年間で送られる電報の数を考えれば、,消費される紙の量も相当でしょう。
w201106-0000703903,談話関係なし  原因・理由(逆方向):少数意見,最新のご家庭用美顔器や美容アイテムのおすすめ品などをご紹介しております。,現在エステサロンなどで活躍している光やレーザー、高周波などの技術が家庭用で手軽に利用できるようになりました。
w201106-0000703903,原因・理由(順方向)  談話関係なし:少数意見,最新のご家庭用美顔器や美容アイテムのおすすめ品などをご紹介しております。,是非ご参考にしてみて下さい。
w201106-0000703903,原因・理由(順方向),当サイトでは安全に効果的な商品をおすすめしておりますので,是非ご参考にしてみて下さい。
w201106-0000575453,条件(順方向),形態上から見ると、,和書、漢籍、錦絵、地図、書簡、書画・拓本と多岐にわたります。
w201106-0000792966,条件(順方向),届け出が遅くなると、,年金の受給権がつかなくなることもありますので、
w201106-0000792966,原因・理由(順方向),年金の受給権がつかなくなることもありますので、,ご注意ください。
w201106-0001593595,逆接・譲歩(順方向),最近では雑誌やテレビなどでも、医療レーザー脱毛が多く取り上げられています。,しかし正しい情報はどこにあるのか、
w201106-0001593595,原因・理由(順方向)  談話関係なし:少数意見,最近では雑誌やテレビなどでも、医療レーザー脱毛が多く取り上げられています。,当クリニックにも、連日たくさんの質問や相談がよせられます。
w201106-0001593595,その他根拠(逆方向)  談話関係なし:少数意見,悩まれている方も多いのではないでしょうか。,当クリニックにも、連日たくさんの質問や相談がよせられます。
w201106-0000866689,談話関係なし  原因・理由(逆方向):少数意見,「ヨード卵・光のスーパーリッチマヨネーズ」が２０１０年度モンドセレクションにおいて金賞を受賞しました。,ヨード卵・光の卵黄だけをたっぷり１８％使用することで、コクのあるおいしさを引き出しました。
w201106-0000866689,談話関係なし  原因・理由(順方向):少数意見,ヨード卵・光の卵黄だけをたっぷり１８％使用することで、コクのあるおいしさを引き出しました。,濃厚でまろやかな味わいなので、
w201106-0000866689,原因・理由(順方向),濃厚でまろやかな味わいなので、,色々な料理に適しています。
w201106-0001423619,目的(逆方向),おどや販売部長の土谷が山形のワイナリーにお願いして、,おいしいワインを作ってもらいました。
w201106-0001423619,目的(逆方向),どなたにも飲みやすいおいしいワインです。,おどや販売部長の土谷が山形のワイナリーにお願いして、
